[
    {
        "album": "Can't Buy A Thrill",
        "year": 1972,
        "songs": [
            {
                "Do It Again": [
                    [
                        "In the mornin you go gunnin'",
                        "For the man who stole your water",
                        "And you fire till he is done in",
                        "But they catch you at the border"
                    ],
                    [
                        "And the mourners are all sangin'",
                        "As they drag you by your feet",
                        "But the hangman isn't hangin'",
                        "And they put you on the street"
                    ],
                    [
                        "You go back, Jack, do it again",
                        "Wheel turnin' 'round and 'round",
                        "You go back, Jack, do it again"
                    ],
                    [
                        "When you know she's no high climber",
                        "Then you find your only friend",
                        "In a room with your two timer",
                        "And you're sure you're near the end"
                    ],
                    [
                        "Then you love a little wild one",
                        "And she brings you only sorrow",
                        "All the time you know she's smilin'",
                        "You'll be on your knees tomorrow"
                    ],
                    [
                        "Now you swear and kick and beg us",
                        "That you're not a gamblin' man",
                        "Then you find you're back in Vegas",
                        "With a handle in your hand"
                    ],
                    [
                        "Your black cards can make you money",
                        "So you hide them when you're able",
                        "In the land of milk and honey",
                        "You must put them on the table"
                    ]
                ]
            },
            {
                "Dirty Work": [
                    [
                        "Times are hard",
                        "You're afraid to pay the fee",
                        "So you find yourself somebody",
                        "Who can do the job for free"
                    ],
                    [
                        "When you need a bit of lovin'",
                        "Cause your man is out of town",
                        "That's the time you get me runnin'",
                        "And you know I'll be around"
                    ],
                    [
                        "I'm a fool to do your dirty work",
                        "Oh yeah",
                        "I don't wanna do your dirty work",
                        "No more"
                    ],
                    [
                        "Light the candle",
                        "Put the lock upon the door",
                        "You have sent the maid home early",
                        "Like a thousand times before"
                    ],
                    [
                        "Like the castle in its corner",
                        "In a medieval game",
                        "I foresee terrible trouble",
                        "And I stay here just the same"
                    ]
                ]
            },
            {
                "Kings": [
                    [
                        "Now they lay his body down",
                        "Sad old men who run this town"
                    ],
                    [
                        "I still recall the way",
                        "He led the charge and saved the day"
                    ],
                    [
                        "Blue blood and rain",
                        "I can hear the bugle playin'"
                    ],
                    [
                        "We seen the last of Good King Richard",
                        "Ring out the past his name lives on",
                        "Roll out the bones and raise up your pitcher",
                        "Raise up your glass to Good King John"
                    ],
                    [
                        "While he plundered far and wide",
                        "All his starving children cried"
                    ],
                    [
                        "And though we sung his fame",
                        "We all went hungry just the same",
                        "He meant to shine",
                        "To the end of the line"
                    ]
                ]
            },
            {
                "Midnite Cruiser": [
                    [
                        "Felonious, my old friend",
                        "Step on in and let me shake your hand",
                        "So glad that you're here again"
                    ],
                    [
                        "For one more time",
                        "Let your madness run with mine",
                        "Streets still unseen, we'll find somehow",
                        "No time is better than now"
                    ],
                    [
                        "The world that we used to know",
                        "People tell me it don't turn no more",
                        "The places we used to go",
                        "Familiar faces that ain't smiling like before"
                    ],
                    [
                        "The time of our time has come and gone",
                        "I fear we've been waiting too long"
                    ],
                    [
                        "Tell me where are you driving",
                        "Midnight cruiser?",
                        "Where is your bounty of fortune and fame?"
                    ],
                    [
                        "I am another gentleman loser",
                        "Drive me to Harlem or somewhere the same"
                    ]
                ]
            },
            {
                "Only A Fool Would Say That": [
                    [
                        "A world become one",
                        "Of salads and sun",
                        "Only a fool would say that"
                    ],
                    [
                        "A boy with a plan",
                        "A natural man",
                        "Wearing a white stetson hat"
                    ],
                    [
                        "Unhand that gun begone",
                        "There's no one to fire upon"
                    ],
                    [
                        "If he's holding it high",
                        "He's telling a lie"
                    ],
                    [
                        "I heard it was you",
                        "Talkin' 'bout a world",
                        "Where all is free",
                        "It just couldn't be",
                        "And only a fool would say that"
                    ],
                    [
                        "The man in the street",
                        "Draggin' his feet",
                        "Don't wanna hear the bad news"
                    ],
                    [
                        "Imagine your face",
                        "There is his place",
                        "Standing inside his brown shoes"
                    ],
                    [
                        "You do his nine to five",
                        "Drag yourself home half alive",
                        "And there on the screen",
                        "A man with a dream"
                    ],
                    [
                        "Anybody on the street",
                        "Has murder in his eyes",
                        "You feel no pain",
                        "And you're younger",
                        "Then you realize"
                    ]
                ]
            },
            {
                "Reelin' In The Years": [
                    [
                        "Your everlasting summer",
                        "You can see it fading fast",
                        "So you grab a piece of something",
                        "That you think is gonna last"
                    ],
                    [
                        "You wouldn't even know a diamond",
                        "If you held it in your hand",
                        "The things you think are precious",
                        "I can't understand"
                    ],
                    [
                        "Are you reelin' in the years",
                        "Stowin' away the time",
                        "Are you gatherin' up the tears",
                        "Have you had enough of mine"
                    ],
                    [
                        "You been tellin' me you're a genius",
                        "Since you were seventeen",
                        "In all the time I've known you",
                        "I still don't know what you mean"
                    ],
                    [
                        "The weekend at the college",
                        "Didn't turn out like you planned",
                        "The things that pass for knowledge",
                        "I can't understand"
                    ],
                    [
                        "I spent a lot of money",
                        "And I spent a lot of time",
                        "The trip we made to Hollywood",
                        "Is etched upon my mind"
                    ],
                    [
                        "After all the things we've done and seen",
                        "You find another man",
                        "The things you think are useless",
                        "I can't understand"
                    ]
                ]
            },
            {
                "Fire In The Hole": [
                    [
                        "I decline",
                        "To walk the line",
                        "They tell me that I'm lazy"
                    ],
                    [
                        "Worldly wise",
                        "I realize",
                        "That everybody's crazy"
                    ],
                    [
                        "A woman's voice reminds me",
                        "To serve and not to speak",
                        "Am I myself or just another freak?"
                    ],
                    [
                        "With a cough",
                        "I shake it off",
                        "And work around my yellow stripe"
                    ],
                    [
                        "Should I hide",
                        "Or eat my pride",
                        "Or wait until it's good and ripe?"
                    ],
                    [
                        "My life is boiling over",
                        "It's happened once before",
                        "I wish someone would open up the door"
                    ],
                    [
                        "Don't you know",
                        "There's fire in the hole",
                        "And nothing left to burn",
                        "I'd love to run out now",
                        "There's no way left to turn"
                    ]
                ]
            },
            {
                "Brooklyn (Owes The Charmer Under Me)": [
                    [
                        "A race of angels",
                        "Bound with one another",
                        "A dish of dollars",
                        "Laid out for all to see",
                        "A tower room at Eden Rock",
                        "His golf at noon for free",
                        "Brooklyn owes the charmer",
                        "Under me"
                    ],
                    [
                        "His lady's aching",
                        "To bring a body down",
                        "She daily preaches",
                        "On where she wants to be",
                        "An evening with a movie queen",
                        "A face we all have seen",
                        "Brooklyn owes the charmer",
                        "Under me"
                    ],
                    [
                        "A case of aces",
                        "Done up loose for dealing",
                        "A piece of island cooling in the sea",
                        "The whole of time we gain or lose",
                        "And power enough to choose",
                        "Brooklyn owes the charmer",
                        "Under me"
                    ]
                ]
            },
            {
                "Change Of The Guard": [
                    [
                        "If you listen you can hear it",
                        "It's the laughter in the street",
                        "It's the motion in the music",
                        "And the fire beneath your feet"
                    ],
                    [
                        "All the signs are right this time",
                        "You don't have to try so very hard",
                        "If you live in this world",
                        "You're feelin' the change of the guard"
                    ],
                    [
                        "All the cowboys and your neighbors",
                        "Can you swallow up your pride",
                        "Take your guns off if you're willin'",
                        "And you know we're on your side"
                    ],
                    [
                        "If you wanna get thru the years",
                        "It's high time you played your card",
                        "If you live in this world",
                        "You're feelin' the change of the guard"
                    ]
                ]
            },
            {
                "Turn That Heartbeat Over Again": [
                    [
                        "With stocking face I bought a gun",
                        "The plan was set the plan was done",
                        "Looked at my watch and started for the door"
                    ],
                    [
                        "Now the food here ain't so good no more",
                        "And they closed the package store"
                    ],
                    [
                        "Love your mama, love your brother",
                        "Love 'em till they run for cover",
                        "Turn the light off, keep your shirt on",
                        "Cry a jag on me"
                    ],
                    [
                        "Oh Michael Oh Jesus you know I'm not to blame",
                        "You know my reputation for playing a good clean game",
                        "Oh Michael Oh Jesus I'll keep my promise when",
                        "You turn that heartbeat over again"
                    ],
                    [
                        "My poison's named you know my brand",
                        "So please make mine a double, Sam",
                        "Stir it up nice I'll eat it right here"
                    ],
                    [
                        "This highway runs from Paraguay",
                        "And I've just come all the way"
                    ],
                    [
                        "We warned the corpse of William Wright",
                        "Not to cuss and drink all night",
                        "Ticket in hand we saw him laid to rest",
                        "But zombie see and zombie do",
                        "He's here with me and you"
                    ]
                ]
            }
        ]
    },
    {
        "album": "Countdown To Ecstasy",
        "year": 1973,
        "songs": [
            {
                "Bodhisattva": []
            },
            {
                "Razor Boy": []
            },
            {
                "The Boston Rag": []
            },
            {
                "Your Gold Teeth": []
            },
            {
                "Show Biz Kids": []
            },
            {
                "My Old School": []
            },
            {
                "Pearl Of The Quarter": []
            },
            {
                "King Of The World": []
            }
        ]
    },
    {
        "album": "Pretzel Logic",
        "year": 1974,
        "songs": [
            {
                "Rikki Don't Lose That Number": []
            },
            {
                "Night By Night": []
            },
            {
                "Any Major Dude Will Tell You": []
            },
            {
                "Barrytown": []
            },
            {
                "Parker's Band": []
            },
            {
                "Through With Buzz": []
            },
            {
                "Pretzel Logic": []
            },
            {
                "With A Gun": []
            },
            {
                "Charlie Freak": []
            },
            {
                "Monkey In Your Soul": []
            }
        ]
    },
    {
        "album": "Katy Lied",
        "year": 1975,
        "songs": [
            {
                "Black Friday": []
            },
            {
                "Bad Sneakers": []
            },
            {
                "Rose Darling": []
            },
            {
                "Daddy Don't Live In That New York City No More": []
            },
            {
                "Doctor Wu": []
            },
            {
                "Everyone's Gone To The Movies": []
            },
            {
                "Your Gold Teeth II": []
            },
            {
                "Chain Lightning": []
            },
            {
                "Any World (That I'm Welcome To)": []
            },
            {
                "Throw Back The Little Ones": []
            }
        ]
    },
    {
        "album": "The Royal Scam",
        "year": 1976,
        "songs": [
            {
                "Kid Charlemagne": []
            },
            {
                "The Caves Of Altamira": []
            },
            {
                "Don't Take Me Alive": []
            },
            {
                "Sign In Stranger": []
            },
            {
                "The Fez": []
            },
            {
                "Green Earrings": []
            },
            {
                "Haitian Divorce": []
            },
            {
                "Everything You Did": []
            },
            {
                "The Royal Scam": []
            }
        ]
    },
    {
        "album": "Aja",
        "year": 1977,
        "songs": [
            {
                "Black Cow": []
            },
            {
                "Aja": []
            },
            {
                "Deacon Blues": []
            },
            {
                "Peg": []
            },
            {
                "Home At Last": []
            },
            {
                "I Got The News": []
            },
            {
                "Josie": []
            }
        ]
    },
    {
        "album": "Gaucho",
        "year": 1980,
        "songs": [
            {
                "Babylon Sisters": []
            },
            {
                "Hey Nineteen": []
            },
            {
                "Glamour Profession": []
            },
            {
                "Gaucho": [
                    [
                        "Just when I say",
                        "Boy we can't miss",
                        "You are golden",
                        "Then you do this"
                    ],
                    [
                        "You say this guy is so cool",
                        "Snapping his fingers like a fool",
                        "One more expensive kiss-off",
                        "Who do you think I am"
                    ],
                    [
                        "Lord I know you're a special friend",
                        "But you don't seem to understand",
                        "We got heavy rollers",
                        "I think you should know",
                        "Try again tomorrow"
                    ],
                    [
                        "Can't you see they're laughing at me",
                        "Get rid off him",
                        "I don't care what you do at home",
                        "Would you care to explain?"
                    ],
                    [
                        "Who is the gaucho amigo",
                        "Why is he standing",
                        "In your spangled leather poncho",
                        "And your elevator shoes?"
                    ],
                    [
                        "Bodacious cowboys",
                        "Such as your friend",
                        "Will never be welcome here",
                        "High in the Custerdome"
                    ],
                    [
                        "What I tell you",
                        "Back down the line",
                        "I'll scratch your back",
                        "You can scratch mine"
                    ],
                    [
                        "No he can't sleep on the floor",
                        "What do you think I'm yelling for",
                        "I'll drop him near the freeway",
                        "Doesn't he have a home"
                    ],
                    [
                        "Lord I know you're a special friend",
                        "But you refuse to understand"
                    ],
                    [
                        "You're a nasty schoolboy",
                        "With no place to go",
                        "Try again tomorrow"
                    ],
                    [
                        "Don't tell me he'll wait in the car",
                        "Look at you",
                        "Holding hands with the man from Rio",
                        "Would you care to explain?"
                    ]
                ]
            },
            {
                "Time Out Of Mind": []
            },
            {
                "My Rival": []
            },
            {
                "Third World Man": []
            }
        ]
    },
    {
        "album": "Two Against Nature",
        "year": 2000,
        "songs": [
            {
                "Gaslighting Abbie": []
            },
            {
                "What A Shame About Me": []
            },
            {
                "Two Against Nature": []
            },
            {
                "Janie Runaway": []
            },
            {
                "Almost Gothic": []
            },
            {
                "Jack Of Speed": []
            },
            {
                "Cousin Dupree": []
            },
            {
                "Negative Girl": []
            },
            {
                "West Of Hollywood": []
            }
        ]
    },
    {
        "album": "Everything Must Go",
        "year": 2003,
        "songs": [
            {
                "The Last Mall": []
            },
            {
                "Things I Miss The Most": []
            },
            {
                "Blues Beach": []
            },
            {
                "Godwhacker": []
            },
            {
                "Slang Of Ages": []
            },
            {
                "Green Book": []
            },
            {
                "Pixeleen": []
            },
            {
                "Lunch With Gina": []
            },
            {
                "Everything Must Go": []
            }
        ]
    }
]